Step,episode_reward
0,-0.6678805264663484
10000,-457.27318173167106
20000,-467.3913370003699
