,all_scores,all_stdev,total_steps,mean_q,mean_td,mean_s,mean_a,mean_o,num_mb,true_returns,eval_q1,eval_q2,total_rew_diff1,total_rew_diff2,total_tran_diff1,total_tran_diff2,total_td1_diff1,total_td2_diff2,mean_r,total_num
0,-0.6678805264663484,0.6213452273768784,0,0.0,0.0,0.0,0.0,0.0,,-0.6368332310738138,,,,,,,,,0.0,0
1,-457.27318173167106,16.507945124650043,10000,-7.62004280090332,0.010610208846628666,1.7316327095031738,0.0,0.0,,-7.27635073744514,,,,,,,,,0.0687369555234909,0
2,-467.3913370003699,182.08041690132512,20000,-8.23302936553955,0.1010822057723999,4.611404895782471,0.0,0.0,,-17.82553672918762,,,,,,,,,0.09808997809886932,0
