Step,episode_reward
1000,-0.8547986978947291
2000,-727.8440378872638
3000,-467.9657703522671
4000,-460.95895595372133
5000,-271.50591317728765
6000,-151.5786806412795
7000,-90.69620304474839
8000,-37.38728488619937
9000,95.43135716195471
10000,-60.90358588626593
11000,895.4390541393832
12000,915.9579561005745
13000,1075.5980083989705
14000,1204.2488773535024
