Step,episode_reward
0,-0.5969236699821338
10000,-55.462343973161296
