Step,episode_reward
1000,-310.6306844546173
2000,-478.58497657249933
3000,-232.83401906761384
4000,-200.27379939861697
5000,-381.91286852456136
6000,-388.13971800151927
7000,-210.3232629963046
