Step,episode_reward
1000,-312.19317277928536
2000,-518.9992948764706
3000,-454.4068512580281
4000,-419.39048510795675
5000,344.0189698286056
