Step,episode_reward
1000,-385.1118003756797
2000,-64.8931640397087
