Step,episode_reward
0,-1.8916674072436774
10000,-406.550175152821
20000,-227.13445494455124
