Step,episode_reward
0,-302.9875886512398
10000,-13.755293537927514
20000,497.7206420262322
30000,849.7119648613045
40000,2215.311625039212
50000,2186.273541403168
60000,3188.295945265166
70000,3324.1636380420787
80000,3782.7190869766164
90000,4543.645210221373
100000,5121.812986235896
110000,5699.936796966457
120000,5626.97064762726
130000,6314.619964183052
140000,5982.333192808042
150000,5773.78401006741
